,sepal_length,sepal_width,petal_length,petal_width
min,4.3,2.0,1.0,0.1
median,5.8,3.0,4.35,1.3
max,7.9,4.4,6.9,2.5
mean,5.843333333333335,3.057333333333334,3.7580000000000027,1.199333333333334
var,0.6856935123042505,0.1899794183445188,3.1162778523489942,0.5810062639821029
std,0.8280661279778629,0.435866284936698,1.7652982332594667,0.7622376689603465
